idpoint,idprogram,daynumber,pointindex,location,lat,lng,idtype,description
616,1,2,1,pec,NULL,NULL,hotel_checkout,
617,1,3,1,drelaj,NULL,NULL,hotel_checkout,
618,1,4,1,grebaja,NULL,NULL,hotel_checkout,
619,1,5,1,lepuse,NULL,NULL,hotel_checkout,
620,1,6,1,virpazar,NULL,NULL,hotel_checkout,
621,1,7,1,kotor,NULL,NULL,hotel_stay,
622,1,7,2,kotor,NULL,NULL,hotel_stay,
623,1,8,1,kotor,NULL,NULL,hotel_checkout,
624,1,1,1,pec,NULL,NULL,hotel_checkin,
625,1,2,2,drelaj,NULL,NULL,hotel_checkin,
626,1,3,2,grebaja,NULL,NULL,hotel_checkin,
627,1,4,2,lepuse,NULL,NULL,hotel_checkin,
628,1,5,2,virpazar,NULL,NULL,hotel_checkin,
629,1,6,2,kotor,NULL,NULL,hotel_checkin,
633,31,2,1,kotor,NULL,NULL,hotel_stay,
634,31,2,2,kotor,NULL,NULL,hotel_stay,
635,31,3,1,kotor,NULL,NULL,hotel_stay,
636,31,3,2,kotor,NULL,NULL,hotel_stay,
637,31,4,1,kotor,NULL,NULL,hotel_stay,
638,31,4,2,kotor,NULL,NULL,hotel_stay,
639,31,5,1,kotor,NULL,NULL,hotel_checkout,
640,31,6,1,bar,NULL,NULL,hotel_stay,
641,31,6,2,bar,NULL,NULL,hotel_stay,
642,31,7,1,bar,NULL,NULL,hotel_checkout,
643,31,8,1,hercegnovi,NULL,NULL,hotel_stay,
644,31,8,2,hercegnovi,NULL,NULL,hotel_stay,
645,31,9,1,hercegnovi,NULL,NULL,hotel_stay,
646,31,9,2,hercegnovi,NULL,NULL,hotel_stay,
647,31,10,1,hercegnovi,NULL,NULL,hotel_stay,
648,31,10,2,hercegnovi,NULL,NULL,hotel_stay,
649,31,11,1,hercegnovi,NULL,NULL,hotel_checkout,
650,31,1,1,kotor,NULL,NULL,hotel_checkin,
651,31,5,2,bar,NULL,NULL,hotel_checkin,
652,31,7,2,hercegnovi,NULL,NULL,hotel_checkin,
659,32,2,1,kotor,NULL,NULL,hotel_checkout,
660,32,3,1,zabljak,NULL,NULL,hotel_stay,
661,32,3,2,zabljak,NULL,NULL,hotel_stay,
662,32,4,1,zabljak,NULL,NULL,hotel_stay,
663,32,4,2,zabljak,NULL,NULL,hotel_stay,
664,32,5,1,zabljak,NULL,NULL,hotel_checkout,
665,32,6,1,stavna,NULL,NULL,hotel_stay,
666,32,6,2,stavna,NULL,NULL,hotel_stay,
667,32,7,1,stavna,NULL,NULL,hotel_checkout,
668,32,8,1,vranjak,NULL,NULL,hotel_stay,
669,32,8,2,vranjak,NULL,NULL,hotel_stay,
670,32,9,1,vranjak,NULL,NULL,hotel_checkout,
671,32,10,1,virpazar,NULL,NULL,hotel_checkout,
672,32,11,1,kotor,NULL,NULL,hotel_stay,
673,32,11,2,kotor,NULL,NULL,hotel_stay,
674,32,12,1,kotor,NULL,NULL,hotel_stay,
675,32,12,2,kotor,NULL,NULL,hotel_stay,
676,32,13,1,kotor,NULL,NULL,hotel_checkout,
677,32,1,1,kotor,NULL,NULL,hotel_checkin,
678,32,2,2,zabljak,NULL,NULL,hotel_checkin,
679,32,5,2,stavna,NULL,NULL,hotel_checkin,
680,32,7,2,vranjak,NULL,NULL,hotel_checkin,
681,32,9,2,virpazar,NULL,NULL,hotel_checkin,
682,32,10,2,kotor,NULL,NULL,hotel_checkin,
686,35,2,1,zabljak,NULL,NULL,hotel_stay,
687,35,2,2,zabljak,NULL,NULL,hotel_stay,
688,35,3,1,zabljak,NULL,NULL,hotel_checkout,
689,35,4,1,kolasin,NULL,NULL,hotel_checkout,
690,35,5,1,perast,NULL,NULL,hotel_stay,
691,35,5,2,perast,NULL,NULL,hotel_stay,
692,35,6,1,perast,NULL,NULL,hotel_stay,
693,35,6,2,perast,NULL,NULL,hotel_stay,
694,35,7,1,perast,NULL,NULL,hotel_stay,
695,35,7,2,perast,NULL,NULL,hotel_stay,
696,35,8,1,perast,NULL,NULL,hotel_checkout,
697,35,1,1,zabljak,NULL,NULL,hotel_checkin,
698,35,3,2,kolasin,NULL,NULL,hotel_checkin,
699,35,4,2,perast,NULL,NULL,hotel_checkin,
711,5,2,1,kotor,NULL,NULL,hotel_stay,
712,5,2,2,kotor,NULL,NULL,hotel_stay,
713,5,3,1,kotor,NULL,NULL,hotel_checkout,
714,5,4,1,virpazar,NULL,NULL,hotel_checkout,
715,5,5,1,zabljak,NULL,NULL,hotel_checkout,
716,5,6,1,sirogojno,NULL,NULL,hotel_checkout,
717,5,7,1,mokragora,NULL,NULL,hotel_checkout,
718,5,8,1,sarajevo,NULL,NULL,hotel_stay,
719,5,8,2,sarajevo,NULL,NULL,hotel_stay,
720,5,9,1,sarajevo,NULL,NULL,hotel_checkout,
721,5,10,1,mostar,NULL,NULL,hotel_checkout,
722,5,11,1,trebinje,NULL,NULL,hotel_checkout,
723,5,12,1,cavtat,NULL,NULL,hotel_checkout,
724,5,1,1,kotor,NULL,NULL,hotel_checkin,
725,5,3,2,virpazar,NULL,NULL,hotel_checkin,
726,5,4,2,zabljak,NULL,NULL,hotel_checkin,
727,5,5,2,sirogojno,NULL,NULL,hotel_checkin,
728,5,6,2,mokragora,NULL,NULL,hotel_checkin,
729,5,7,2,sarajevo,NULL,NULL,hotel_checkin,
730,5,9,2,mostar,NULL,NULL,hotel_checkin,
731,5,10,2,trebinje,NULL,NULL,hotel_checkin,
732,5,11,2,cavtat,NULL,NULL,hotel_checkin,
740,6,2,1,split,NULL,NULL,hotel_checkout,
741,6,3,1,jelsa,NULL,NULL,hotel_stay,
742,6,3,2,jelsa,NULL,NULL,hotel_stay,
743,6,4,1,jelsa,NULL,NULL,hotel_checkout,
744,6,5,1,lumbarda,NULL,NULL,hotel_stay,
745,6,5,2,lumbarda,NULL,NULL,hotel_stay,
746,6,6,1,lumbarda,NULL,NULL,hotel_checkout,
747,6,7,1,dubrovnik,NULL,NULL,hotel_stay,
748,6,7,2,dubrovnik,NULL,NULL,hotel_stay,
749,6,8,1,dubrovnik,NULL,NULL,hotel_checkout,
750,6,1,1,split,NULL,NULL,hotel_checkin,
751,6,2,2,jelsa,NULL,NULL,hotel_checkin,
752,6,4,2,lumbarda,NULL,NULL,hotel_checkin,
753,6,6,2,dubrovnik,NULL,NULL,hotel_checkin,
759,7,2,1,sarajevo,NULL,NULL,hotel_stay,
760,7,2,2,sarajevo,NULL,NULL,hotel_stay,
761,7,3,1,sarajevo,NULL,NULL,hotel_checkout,
762,7,4,1,gorazde,NULL,NULL,hotel_checkout,
763,7,5,1,izlazak,NULL,NULL,hotel_checkout,
764,7,6,1,bogetici,NULL,NULL,hotel_checkout,
765,7,7,1,virpazar,NULL,NULL,hotel_stay,
766,7,7,2,virpazar,NULL,NULL,hotel_stay,
767,7,8,1,virpazar,NULL,NULL,hotel_checkout,
768,7,1,1,sarajevo,NULL,NULL,hotel_checkin,
769,7,3,2,gorazde,NULL,NULL,hotel_checkin,
770,7,4,2,izlazak,NULL,NULL,hotel_checkin,
771,7,5,2,bogetici,NULL,NULL,hotel_checkin,
772,7,6,2,virpazar,NULL,NULL,hotel_checkin,
778,8,2,1,kotor,NULL,NULL,hotel_stay,
779,8,2,2,kotor,NULL,NULL,hotel_stay,
780,8,3,1,kotor,NULL,NULL,hotel_stay,
781,8,3,2,kotor,NULL,NULL,hotel_stay,
782,8,4,1,kotor,NULL,NULL,hotel_checkout,
783,8,5,1,dubrovnik,NULL,NULL,hotel_checkout,
784,8,6,1,pomena,NULL,NULL,hotel_checkout,
785,8,7,1,lumbarda,NULL,NULL,hotel_checkout,
786,8,8,1,cavtat,NULL,NULL,hotel_checkout,
787,8,1,1,kotor,NULL,NULL,hotel_checkin,
788,8,4,2,dubrovnik,NULL,NULL,hotel_checkin,
789,8,5,2,pomena,NULL,NULL,hotel_checkin,
790,8,6,2,lumbarda,NULL,NULL,hotel_checkin,
791,8,7,2,cavtat,NULL,NULL,hotel_checkin,
797,25,2,1,kotor,NULL,NULL,hotel_stay,
798,25,2,2,kotor,NULL,NULL,hotel_stay,
799,25,3,1,kotor,NULL,NULL,hotel_stay,
800,25,3,2,kotor,NULL,NULL,hotel_stay,
801,25,4,1,kotor,NULL,NULL,hotel_checkout,
802,25,5,1,dubrovnik,NULL,NULL,hotel_checkout,
803,25,6,1,pomena,NULL,NULL,hotel_checkout,
804,25,7,1,lumbarda,NULL,NULL,hotel_checkout,
805,25,8,1,cavtat,NULL,NULL,hotel_checkout,
806,25,1,1,kotor,NULL,NULL,hotel_checkin,
807,25,4,2,dubrovnik,NULL,NULL,hotel_checkin,
808,25,5,2,pomena,NULL,NULL,hotel_checkin,
809,25,6,2,lumbarda,NULL,NULL,hotel_checkin,
810,25,7,2,cavtat,NULL,NULL,hotel_checkin,
817,26,2,1,virpazar,NULL,NULL,hotel_stay,
818,26,2,2,virpazar,NULL,NULL,hotel_stay,
819,26,3,1,virpazar,NULL,NULL,hotel_checkout,
820,26,4,1,vranjak,NULL,NULL,hotel_stay,
821,26,4,2,vranjak,NULL,NULL,hotel_stay,
822,26,5,1,vranjak,NULL,NULL,hotel_checkout,
823,26,6,1,zabljak,NULL,NULL,hotel_stay,
824,26,6,2,zabljak,NULL,NULL,hotel_stay,
825,26,7,1,zabljak,NULL,NULL,hotel_checkout,
826,26,8,1,ostrog,NULL,NULL,hotel_checkout,
827,26,9,1,njegusi,NULL,NULL,hotel_checkout,
828,26,10,1,tivat,NULL,NULL,hotel_stay,
829,26,10,2,tivat,NULL,NULL,hotel_stay,
830,26,11,1,tivat,NULL,NULL,hotel_stay,
831,26,11,2,tivat,NULL,NULL,hotel_stay,
832,26,12,1,tivat,NULL,NULL,hotel_checkout,
833,26,1,1,virpazar,NULL,NULL,hotel_checkin,
834,26,3,2,vranjak,NULL,NULL,hotel_checkin,
835,26,5,2,zabljak,NULL,NULL,hotel_checkin,
836,26,7,2,ostrog,NULL,NULL,hotel_checkin,
837,26,8,2,njegusi,NULL,NULL,hotel_checkin,
838,26,9,2,tivat,NULL,NULL,hotel_checkin,
847,12,2,1,trebinje,NULL,NULL,hotel_checkout,
848,12,3,1,zabljak,NULL,NULL,hotel_stay,
849,12,3,2,zabljak,NULL,NULL,hotel_stay,
850,12,4,1,zabljak,NULL,NULL,hotel_stay,
851,12,4,2,zabljak,NULL,NULL,hotel_stay,
852,12,5,1,zabljak,NULL,NULL,hotel_checkout,
853,12,6,1,vranjak,NULL,NULL,hotel_checkout,
854,12,7,1,stavna,NULL,NULL,hotel_stay,
855,12,7,2,stavna,NULL,NULL,hotel_stay,
856,12,8,1,stavna,NULL,NULL,hotel_checkout,
857,12,9,1,grebaja,NULL,NULL,hotel_stay,
858,12,9,2,grebaja,NULL,NULL,hotel_stay,
859,12,10,1,grebaja,NULL,NULL,hotel_checkout,
860,12,11,1,virpazar,NULL,NULL,hotel_checkout,
861,12,12,1,kotor,NULL,NULL,hotel_stay,
862,12,12,2,kotor,NULL,NULL,hotel_stay,
863,12,13,1,kotor,NULL,NULL,hotel_stay,
864,12,13,2,kotor,NULL,NULL,hotel_stay,
865,12,14,1,kotor,NULL,NULL,hotel_checkout,
866,12,15,1,cavtat,NULL,NULL,hotel_checkout,
867,12,1,1,trebinje,NULL,NULL,hotel_checkin,
868,12,2,2,zabljak,NULL,NULL,hotel_checkin,
869,12,5,2,vranjak,NULL,NULL,hotel_checkin,
870,12,6,2,stavna,NULL,NULL,hotel_checkin,
871,12,8,2,grebaja,NULL,NULL,hotel_checkin,
872,12,10,2,virpazar,NULL,NULL,hotel_checkin,
873,12,11,2,kotor,NULL,NULL,hotel_checkin,
874,12,14,2,cavtat,NULL,NULL,hotel_checkin,
876,13,2,1,kotor,NULL,NULL,hotel_stay,
877,13,2,2,kotor,NULL,NULL,hotel_stay,
878,13,3,1,kotor,NULL,NULL,hotel_stay,
879,13,3,2,kotor,NULL,NULL,hotel_stay,
880,13,4,1,kotor,NULL,NULL,hotel_stay,
881,13,4,2,kotor,NULL,NULL,hotel_stay,
882,13,5,1,kotor,NULL,NULL,hotel_stay,
883,13,5,2,kotor,NULL,NULL,hotel_stay,
884,13,6,1,kotor,NULL,NULL,hotel_stay,
885,13,6,2,kotor,NULL,NULL,hotel_stay,
886,13,7,1,kotor,NULL,NULL,hotel_stay,
887,13,7,2,kotor,NULL,NULL,hotel_stay,
888,13,8,1,kotor,NULL,NULL,hotel_checkout,
889,13,1,1,kotor,NULL,NULL,hotel_checkin,
896,14,2,1,trebinje,NULL,NULL,hotel_checkout,
897,14,3,1,zabljak,NULL,NULL,hotel_stay,
898,14,3,2,zabljak,NULL,NULL,hotel_stay,
899,14,4,1,zabljak,NULL,NULL,hotel_stay,
900,14,4,2,zabljak,NULL,NULL,hotel_stay,
901,14,5,1,zabljak,NULL,NULL,hotel_checkout,
902,14,6,1,virpazar,NULL,NULL,hotel_stay,
903,14,6,2,virpazar,NULL,NULL,hotel_stay,
904,14,7,1,virpazar,NULL,NULL,hotel_checkout,
905,14,8,1,kotor,NULL,NULL,hotel_stay,
906,14,8,2,kotor,NULL,NULL,hotel_stay,
907,14,9,1,kotor,NULL,NULL,hotel_stay,
908,14,9,2,kotor,NULL,NULL,hotel_stay,
909,14,10,1,kotor,NULL,NULL,hotel_checkout,
910,14,11,1,lumbarda,NULL,NULL,hotel_stay,
911,14,11,2,lumbarda,NULL,NULL,hotel_stay,
912,14,12,1,lumbarda,NULL,NULL,hotel_stay,
913,14,12,2,lumbarda,NULL,NULL,hotel_stay,
914,14,13,1,lumbarda,NULL,NULL,hotel_checkout,
915,14,14,1,cavtat,NULL,NULL,hotel_stay,
916,14,14,2,cavtat,NULL,NULL,hotel_stay,
917,14,15,1,cavtat,NULL,NULL,hotel_checkout,
918,14,1,1,trebinje,NULL,NULL,hotel_checkin,
919,14,2,2,zabljak,NULL,NULL,hotel_checkin,
920,14,5,2,virpazar,NULL,NULL,hotel_checkin,
921,14,7,2,kotor,NULL,NULL,hotel_checkin,
922,14,10,2,lumbarda,NULL,NULL,hotel_checkin,
923,14,13,2,cavtat,NULL,NULL,hotel_checkin,
976,16,2,1,hercegnovi,NULL,NULL,hotel_checkout,
977,16,3,1,virpazar,NULL,NULL,hotel_checkout,
978,16,4,1,kruje,NULL,NULL,hotel_checkout,
979,16,5,1,tirana,NULL,NULL,hotel_checkout,
980,16,6,1,ohrid,NULL,NULL,hotel_stay,
981,16,6,2,ohrid,NULL,NULL,hotel_stay,
982,16,7,1,ohrid,NULL,NULL,hotel_checkout,
983,16,8,1,matka,NULL,NULL,hotel_checkout,
984,16,9,1,niskabanja,NULL,NULL,hotel_checkout,
985,16,10,1,latkovac,NULL,NULL,hotel_checkout,
986,16,11,1,sirogojno,NULL,NULL,hotel_checkout,
987,16,12,1,mokragora,NULL,NULL,hotel_checkout,
988,16,13,1,sarajevo,NULL,NULL,hotel_stay,
989,16,13,2,sarajevo,NULL,NULL,hotel_stay,
990,16,14,1,sarajevo,NULL,NULL,hotel_checkout,
991,16,15,1,cavtat,NULL,NULL,hotel_checkout,
992,16,1,1,hercegnovi,NULL,NULL,hotel_checkin,
993,16,2,2,virpazar,NULL,NULL,hotel_checkin,
994,16,3,2,kruje,NULL,NULL,hotel_checkin,
995,16,4,2,tirana,NULL,NULL,hotel_checkin,
996,16,5,2,ohrid,NULL,NULL,hotel_checkin,
997,16,7,2,matka,NULL,NULL,hotel_checkin,
998,16,8,2,niskabanja,NULL,NULL,hotel_checkin,
999,16,9,2,latkovac,NULL,NULL,hotel_checkin,
1000,16,10,2,sirogojno,NULL,NULL,hotel_checkin,
1001,16,11,2,mokragora,NULL,NULL,hotel_checkin,
1002,16,12,2,sarajevo,NULL,NULL,hotel_checkin,
1003,16,14,2,cavtat,NULL,NULL,hotel_checkin,
1007,40,2,1,kotor,NULL,NULL,hotel_stay,
1008,40,2,2,kotor,NULL,NULL,hotel_stay,
1009,40,3,1,kotor,NULL,NULL,hotel_stay,
1010,40,3,2,kotor,NULL,NULL,hotel_stay,
1011,40,4,1,kotor,NULL,NULL,hotel_stay,
1012,40,4,2,kotor,NULL,NULL,hotel_stay,
1013,40,5,1,kotor,NULL,NULL,hotel_checkout,
1014,40,6,1,virpazar,NULL,NULL,hotel_stay,
1015,40,6,2,virpazar,NULL,NULL,hotel_stay,
1016,40,7,1,virpazar,NULL,NULL,hotel_checkout,
1017,40,8,1,dubrovnik,NULL,NULL,hotel_checkout,
1018,40,1,1,kotor,NULL,NULL,hotel_checkin,
1019,40,5,2,virpazar,NULL,NULL,hotel_checkin,
1020,40,7,2,dubrovnik,NULL,NULL,hotel_checkin,
1026,49,2,1,sarajevo,NULL,NULL,hotel_stay,
1027,49,2,2,sarajevo,NULL,NULL,hotel_stay,
1028,49,3,1,sarajevo,NULL,NULL,hotel_checkout,
1029,49,4,1,gorazde,NULL,NULL,hotel_checkout,
1030,49,5,1,izlazak,NULL,NULL,hotel_checkout,
1031,49,6,1,bogetici,NULL,NULL,hotel_checkout,
1032,49,7,1,virpazar,NULL,NULL,hotel_stay,
1033,49,7,2,virpazar,NULL,NULL,hotel_stay,
1034,49,8,1,virpazar,NULL,NULL,hotel_checkout,
1035,49,1,1,sarajevo,NULL,NULL,hotel_checkin,
1036,49,3,2,gorazde,NULL,NULL,hotel_checkin,
1037,49,4,2,izlazak,NULL,NULL,hotel_checkin,
1038,49,5,2,bogetici,NULL,NULL,hotel_checkin,
1039,49,6,2,virpazar,NULL,NULL,hotel_checkin,
1045,38,2,1,beograd,NULL,NULL,hotel_checkout,
1046,38,3,1,skorenovac,NULL,NULL,hotel_checkout,
1047,38,4,1,lisine,NULL,NULL,hotel_checkout,
1048,38,5,1,balasevic,NULL,NULL,hotel_checkout,
1049,38,6,1,niskabanja,NULL,NULL,hotel_stay,
1050,38,6,2,niskabanja,NULL,NULL,hotel_stay,
1051,38,7,1,niskabanja,NULL,NULL,hotel_stay,
1052,38,7,2,niskabanja,NULL,NULL,hotel_stay,
1053,38,8,1,niskabanja,NULL,NULL,hotel_checkout,
1054,38,1,1,beograd,NULL,NULL,hotel_checkin,
1055,38,2,2,skorenovac,NULL,NULL,hotel_checkin,
1056,38,3,2,lisine,NULL,NULL,hotel_checkin,
1057,38,4,2,balasevic,NULL,NULL,hotel_checkin,
1058,38,5,2,niskabanja,NULL,NULL,hotel_checkin,
1068,33,2,1,backapalanka,NULL,NULL,hotel_checkout,
1069,33,3,1,novisad,NULL,NULL,hotel_checkout,
1070,33,4,1,beograd,NULL,NULL,hotel_stay,
1071,33,4,2,beograd,NULL,NULL,hotel_stay,
1072,33,5,1,beograd,NULL,NULL,hotel_checkout,
1073,33,6,1,skorenovac,NULL,NULL,hotel_stay,
1074,33,6,2,skorenovac,NULL,NULL,hotel_stay,
1075,33,7,1,skorenovac,NULL,NULL,hotel_checkout,
1076,33,8,1,srebrnojezero,NULL,NULL,hotel_stay,
1077,33,8,2,srebrnojezero,NULL,NULL,hotel_stay,
1078,33,9,1,srebrnojezero,NULL,NULL,hotel_checkout,
1079,33,10,1,donjimilanovac,NULL,NULL,hotel_checkout,
1080,33,11,1,kladovo,NULL,NULL,hotel_checkout,
1081,33,12,1,negotin,NULL,NULL,hotel_checkout,
1082,33,13,1,beograd,NULL,NULL,hotel_checkout,
1083,33,1,1,backapalanka,NULL,NULL,hotel_checkin,
1084,33,2,2,novisad,NULL,NULL,hotel_checkin,
1085,33,3,2,beograd,NULL,NULL,hotel_checkin,
1086,33,5,2,skorenovac,NULL,NULL,hotel_checkin,
1087,33,7,2,srebrnojezero,NULL,NULL,hotel_checkin,
1088,33,9,2,donjimilanovac,NULL,NULL,hotel_checkin,
1089,33,10,2,kladovo,NULL,NULL,hotel_checkin,
1090,33,11,2,negotin,NULL,NULL,hotel_checkin,
1091,33,12,2,beograd,NULL,NULL,hotel_checkin,
1100,34,2,1,beograd,NULL,NULL,hotel_checkout,
1101,34,3,1,mokragora,NULL,NULL,hotel_stay,
1102,34,3,2,mokragora,NULL,NULL,hotel_stay,
1103,34,4,1,mokragora,NULL,NULL,hotel_checkout,
1104,34,5,1,visegrad,NULL,NULL,hotel_checkout,
1105,34,6,1,sarajevo,NULL,NULL,hotel_stay,
1106,34,6,2,sarajevo,NULL,NULL,hotel_stay,
1107,34,7,1,sarajevo,NULL,NULL,hotel_checkout,
1108,34,8,1,gorazde,NULL,NULL,hotel_checkout,
1109,34,9,1,izlazak,NULL,NULL,hotel_checkout,
1110,34,10,1,ostrog,NULL,NULL,hotel_checkout,
1111,34,11,1,virpazar,NULL,NULL,hotel_stay,
1112,34,11,2,virpazar,NULL,NULL,hotel_stay,
1113,34,12,1,virpazar,NULL,NULL,hotel_checkout,
1114,34,1,1,beograd,NULL,NULL,hotel_checkin,
1115,34,2,2,mokragora,NULL,NULL,hotel_checkin,
1116,34,4,2,visegrad,NULL,NULL,hotel_checkin,
1117,34,5,2,sarajevo,NULL,NULL,hotel_checkin,
1118,34,7,2,gorazde,NULL,NULL,hotel_checkin,
1119,34,8,2,izlazak,NULL,NULL,hotel_checkin,
1120,34,9,2,ostrog,NULL,NULL,hotel_checkin,
1121,34,10,2,virpazar,NULL,NULL,hotel_checkin,
1126,20,2,1,virpazar,NULL,NULL,hotel_checkout,
1127,20,3,1,zabljak,NULL,NULL,hotel_stay,
1128,20,3,2,zabljak,NULL,NULL,hotel_stay,
1129,20,4,1,zabljak,NULL,NULL,hotel_stay,
1130,20,4,2,zabljak,NULL,NULL,hotel_stay,
1131,20,5,1,zabljak,NULL,NULL,hotel_checkout,
1132,20,6,1,kotor,NULL,NULL,hotel_stay,
1133,20,6,2,kotor,NULL,NULL,hotel_stay,
1134,20,7,1,kotor,NULL,NULL,hotel_stay,
1135,20,7,2,kotor,NULL,NULL,hotel_stay,
1136,20,8,1,kotor,NULL,NULL,hotel_checkout,
1137,20,1,1,virpazar,NULL,NULL,hotel_checkin,
1138,20,2,2,zabljak,NULL,NULL,hotel_checkin,
1139,20,5,2,kotor,NULL,NULL,hotel_checkin,
1145,36,2,1,beograd,NULL,NULL,hotel_checkout,
1146,36,3,1,skorenovac,NULL,NULL,hotel_stay,
1147,36,3,2,skorenovac,NULL,NULL,hotel_stay,
1148,36,4,1,skorenovac,NULL,NULL,hotel_checkout,
1149,36,5,1,srebrnojezero,NULL,NULL,hotel_stay,
1150,36,5,2,srebrnojezero,NULL,NULL,hotel_stay,
1151,36,6,1,srebrnojezero,NULL,NULL,hotel_checkout,
1152,36,7,1,donjimilanovac,NULL,NULL,hotel_checkout,
1153,36,8,1,kladovo,NULL,NULL,hotel_checkout,
1154,36,1,1,beograd,NULL,NULL,hotel_checkin,
1155,36,2,2,skorenovac,NULL,NULL,hotel_checkin,
1156,36,4,2,srebrnojezero,NULL,NULL,hotel_checkin,
1157,36,6,2,donjimilanovac,NULL,NULL,hotel_checkin,
1158,36,7,2,kladovo,NULL,NULL,hotel_checkin,
1162,19,2,1,kotor,NULL,NULL,hotel_stay,
1163,19,2,2,kotor,NULL,NULL,hotel_stay,
1164,19,3,1,kotor,NULL,NULL,hotel_stay,
1165,19,3,2,kotor,NULL,NULL,hotel_stay,
1166,19,4,1,kotor,NULL,NULL,hotel_stay,
1167,19,4,2,kotor,NULL,NULL,hotel_stay,
1168,19,5,1,kotor,NULL,NULL,hotel_checkout,
1169,19,6,1,lumbarda,NULL,NULL,hotel_stay,
1170,19,6,2,lumbarda,NULL,NULL,hotel_stay,
1171,19,7,1,lumbarda,NULL,NULL,hotel_stay,
1172,19,7,2,lumbarda,NULL,NULL,hotel_stay,
1173,19,8,1,lumbarda,NULL,NULL,hotel_stay,
1174,19,8,2,lumbarda,NULL,NULL,hotel_stay,
1175,19,9,1,lumbarda,NULL,NULL,hotel_checkout,
1176,19,10,1,dubrovnik,NULL,NULL,hotel_checkout,
1177,19,1,1,kotor,NULL,NULL,hotel_checkin,
1178,19,5,2,lumbarda,NULL,NULL,hotel_checkin,
1179,19,9,2,dubrovnik,NULL,NULL,hotel_checkin,
1182,29,2,1,kotor,NULL,NULL,hotel_stay,
1183,29,2,2,kotor,NULL,NULL,hotel_stay,
1184,29,3,1,kotor,NULL,NULL,hotel_stay,
1185,29,3,2,kotor,NULL,NULL,hotel_stay,
1186,29,4,1,kotor,NULL,NULL,hotel_stay,
1187,29,4,2,kotor,NULL,NULL,hotel_stay,
1188,29,5,1,kotor,NULL,NULL,hotel_stay,
1189,29,5,2,kotor,NULL,NULL,hotel_stay,
1190,29,6,1,kotor,NULL,NULL,hotel_stay,
1191,29,6,2,kotor,NULL,NULL,hotel_stay,
1192,29,7,1,kotor,NULL,NULL,hotel_checkout,
1193,29,8,1,cavtat,NULL,NULL,hotel_checkout,
1194,29,1,1,kotor,NULL,NULL,hotel_checkin,
1195,29,7,2,cavtat,NULL,NULL,hotel_checkin,
1200,21,2,1,trebinje,NULL,NULL,hotel_checkout,
1201,21,3,1,zabljak,NULL,NULL,hotel_stay,
1202,21,3,2,zabljak,NULL,NULL,hotel_stay,
1203,21,4,1,zabljak,NULL,NULL,hotel_checkout,
1204,21,5,1,virpazar,NULL,NULL,hotel_checkout,
1205,21,6,1,kotor,NULL,NULL,hotel_stay,
1206,21,6,2,kotor,NULL,NULL,hotel_stay,
1207,21,7,1,kotor,NULL,NULL,hotel_stay,
1208,21,7,2,kotor,NULL,NULL,hotel_stay,
1209,21,8,1,kotor,NULL,NULL,hotel_checkout,
1210,21,1,1,trebinje,NULL,NULL,hotel_checkin,
1211,21,2,2,zabljak,NULL,NULL,hotel_checkin,
1212,21,4,2,virpazar,NULL,NULL,hotel_checkin,
1213,21,5,2,kotor,NULL,NULL,hotel_checkin,
1219,10,2,1,hercegnovi,NULL,NULL,hotel_stay,
1220,10,2,2,hercegnovi,NULL,NULL,hotel_stay,
1221,10,3,1,hercegnovi,NULL,NULL,hotel_checkout,
1222,10,4,1,kotor,NULL,NULL,hotel_stay,
1223,10,4,2,kotor,NULL,NULL,hotel_stay,
1224,10,5,1,kotor,NULL,NULL,hotel_stay,
1225,10,5,2,kotor,NULL,NULL,hotel_stay,
1226,10,6,1,kotor,NULL,NULL,hotel_checkout,
1227,10,7,1,dubrovnik,NULL,NULL,hotel_checkout,
1228,10,8,1,korcula,NULL,NULL,hotel_stay,
1229,10,8,2,korcula,NULL,NULL,hotel_stay,
1230,10,9,1,korcula,NULL,NULL,hotel_stay,
1231,10,9,2,korcula,NULL,NULL,hotel_stay,
1232,10,10,1,korcula,NULL,NULL,hotel_checkout,
1233,10,1,1,hercegnovi,NULL,NULL,hotel_checkin,
1234,10,3,2,kotor,NULL,NULL,hotel_checkin,
1235,10,6,2,dubrovnik,NULL,NULL,hotel_checkin,
1236,10,7,2,korcula,NULL,NULL,hotel_checkin,
1247,43,2,1,trebinje,NULL,NULL,hotel_checkout,
1248,43,3,1,mostar,NULL,NULL,hotel_checkout,
1249,43,4,1,sarajevo,NULL,NULL,hotel_stay,
1250,43,4,2,sarajevo,NULL,NULL,hotel_stay,
1251,43,5,1,sarajevo,NULL,NULL,hotel_checkout,
1252,43,6,1,mokragora,NULL,NULL,hotel_checkout,
1253,43,7,1,sirogojno,NULL,NULL,hotel_checkout,
1254,43,8,1,zabljak,NULL,NULL,hotel_checkout,
1255,43,9,1,vranjak,NULL,NULL,hotel_checkout,
1256,43,10,1,virpazar,NULL,NULL,hotel_stay,
1257,43,10,2,virpazar,NULL,NULL,hotel_stay,
1258,43,11,1,virpazar,NULL,NULL,hotel_checkout,
1259,43,12,1,kotor,NULL,NULL,hotel_stay,
1260,43,12,2,kotor,NULL,NULL,hotel_stay,
1261,43,13,1,kotor,NULL,NULL,hotel_stay,
1262,43,13,2,kotor,NULL,NULL,hotel_stay,
1263,43,14,1,kotor,NULL,NULL,hotel_checkout,
1264,43,15,1,dubrovnik,NULL,NULL,hotel_checkout,
1265,43,1,1,trebinje,NULL,NULL,hotel_checkin,
1266,43,2,2,mostar,NULL,NULL,hotel_checkin,
1267,43,3,2,sarajevo,NULL,NULL,hotel_checkin,
1268,43,5,2,mokragora,NULL,NULL,hotel_checkin,
1269,43,6,2,sirogojno,NULL,NULL,hotel_checkin,
1270,43,7,2,zabljak,NULL,NULL,hotel_checkin,
1271,43,8,2,vranjak,NULL,NULL,hotel_checkin,
1272,43,9,2,virpazar,NULL,NULL,hotel_checkin,
1273,43,11,2,kotor,NULL,NULL,hotel_checkin,
1274,43,14,2,dubrovnik,NULL,NULL,hotel_checkin,
1280,15,2,1,trebinje,NULL,NULL,hotel_checkout,
1281,15,3,1,zabljak,NULL,NULL,hotel_stay,
1282,15,3,2,zabljak,NULL,NULL,hotel_stay,
1283,15,4,1,zabljak,NULL,NULL,hotel_checkout,
1284,15,5,1,stavna,NULL,NULL,hotel_checkout,
1285,15,6,1,kotor,NULL,NULL,hotel_stay,
1286,15,6,2,kotor,NULL,NULL,hotel_stay,
1287,15,7,1,kotor,NULL,NULL,hotel_checkout,
1288,15,8,1,cavtat,NULL,NULL,hotel_checkout,
1289,15,1,1,trebinje,NULL,NULL,hotel_checkin,
1290,15,2,2,zabljak,NULL,NULL,hotel_checkin,
1291,15,4,2,stavna,NULL,NULL,hotel_checkin,
1292,15,5,2,kotor,NULL,NULL,hotel_checkin,
1293,15,7,2,cavtat,NULL,NULL,hotel_checkin,
1296,53,2,1,zabljak,NULL,NULL,hotel_stay,
1297,53,2,2,zabljak,NULL,NULL,hotel_stay,
1298,53,3,1,zabljak,NULL,NULL,hotel_stay,
1299,53,3,2,zabljak,NULL,NULL,hotel_stay,
1300,53,4,1,zabljak,NULL,NULL,hotel_checkout,
1301,53,5,1,perast,NULL,NULL,hotel_stay,
1302,53,5,2,perast,NULL,NULL,hotel_stay,
1303,53,6,1,perast,NULL,NULL,hotel_stay,
1304,53,6,2,perast,NULL,NULL,hotel_stay,
1305,53,7,1,perast,NULL,NULL,hotel_stay,
1306,53,7,2,perast,NULL,NULL,hotel_stay,
1307,53,8,1,perast,NULL,NULL,hotel_checkout,
1308,53,1,1,zabljak,NULL,NULL,hotel_checkin,
1309,53,4,2,perast,NULL,NULL,hotel_checkin,
1319,42,2,1,beograd,NULL,NULL,hotel_checkout,
1320,42,3,1,sirogojno,NULL,NULL,hotel_checkout,
1321,42,4,1,sjenica,NULL,NULL,hotel_checkout,
1322,42,5,1,mileseva,NULL,NULL,hotel_checkout,
1323,42,6,1,visegrad,NULL,NULL,hotel_checkout,
1324,42,7,1,tara,NULL,NULL,hotel_checkout,
1325,42,8,1,bajinabasta,NULL,NULL,hotel_checkout,
1326,42,9,1,beograd,NULL,NULL,hotel_checkout,
1327,42,1,1,beograd,NULL,NULL,hotel_checkin,
1328,42,2,2,sirogojno,NULL,NULL,hotel_checkin,
1329,42,3,2,sjenica,NULL,NULL,hotel_checkin,
1330,42,4,2,mileseva,NULL,NULL,hotel_checkin,
1331,42,5,2,visegrad,NULL,NULL,hotel_checkin,
1332,42,6,2,tara,NULL,NULL,hotel_checkin,
1333,42,7,2,bajinabasta,NULL,NULL,hotel_checkin,
1334,42,8,2,beograd,NULL,NULL,hotel_checkin,
1347,48,2,1,beograd,NULL,NULL,hotel_checkout,
1348,48,3,1,valjevo,NULL,NULL,hotel_checkout,
1349,48,4,1,mokragora,NULL,NULL,hotel_checkout,
1350,48,5,1,sarajevo,NULL,NULL,hotel_stay,
1351,48,5,2,sarajevo,NULL,NULL,hotel_stay,
1352,48,6,1,sarajevo,NULL,NULL,hotel_checkout,
1353,48,7,1,trebinje,NULL,NULL,hotel_checkout,
1354,48,8,1,kotor,NULL,NULL,hotel_stay,
1355,48,8,2,kotor,NULL,NULL,hotel_stay,
1356,48,9,1,kotor,NULL,NULL,hotel_checkout,
1357,48,10,1,virpazar,NULL,NULL,hotel_checkout,
1358,48,11,1,bijelopolje,NULL,NULL,hotel_checkout,
1359,48,12,1,pec,NULL,NULL,hotel_checkout,
1360,48,13,1,pristina,NULL,NULL,hotel_checkout,
1361,48,14,1,nis,NULL,NULL,hotel_checkout,
1362,48,15,1,beograd,NULL,NULL,hotel_checkout,
1363,48,1,1,beograd,NULL,NULL,hotel_checkin,
1364,48,2,2,valjevo,NULL,NULL,hotel_checkin,
1365,48,3,2,mokragora,NULL,NULL,hotel_checkin,
1366,48,4,2,sarajevo,NULL,NULL,hotel_checkin,
1367,48,6,2,trebinje,NULL,NULL,hotel_checkin,
1368,48,7,2,kotor,NULL,NULL,hotel_checkin,
1369,48,9,2,virpazar,NULL,NULL,hotel_checkin,
1370,48,10,2,bijelopolje,NULL,NULL,hotel_checkin,
1371,48,11,2,pec,NULL,NULL,hotel_checkin,
1372,48,12,2,pristina,NULL,NULL,hotel_checkin,
1373,48,13,2,nis,NULL,NULL,hotel_checkin,
1374,48,14,2,beograd,NULL,NULL,hotel_checkin,
1388,54,2,1,beograd,NULL,NULL,hotel_checkout,
1389,54,3,1,valjevo,NULL,NULL,hotel_checkout,
1390,54,4,1,mokragora,NULL,NULL,hotel_checkout,
1391,54,5,1,sarajevo,NULL,NULL,hotel_stay,
1392,54,5,2,sarajevo,NULL,NULL,hotel_stay,
1393,54,6,1,sarajevo,NULL,NULL,hotel_checkout,
1394,54,7,1,trebinje,NULL,NULL,hotel_checkout,
1395,54,8,1,kotor,NULL,NULL,hotel_stay,
1396,54,8,2,kotor,NULL,NULL,hotel_stay,
1397,54,9,1,kotor,NULL,NULL,hotel_checkout,
1398,54,10,1,virpazar,NULL,NULL,hotel_checkout,
1399,54,11,1,bijelopolje,NULL,NULL,hotel_checkout,
1400,54,12,1,pec,NULL,NULL,hotel_checkout,
1401,54,13,1,pristina,NULL,NULL,hotel_checkout,
1402,54,14,1,nis,NULL,NULL,hotel_checkout,
1403,54,15,1,beograd,NULL,NULL,hotel_checkout,
1404,54,1,1,beograd,NULL,NULL,hotel_checkin,
1405,54,2,2,valjevo,NULL,NULL,hotel_checkin,
1406,54,3,2,mokragora,NULL,NULL,hotel_checkin,
1407,54,4,2,sarajevo,NULL,NULL,hotel_checkin,
1408,54,6,2,trebinje,NULL,NULL,hotel_checkin,
1409,54,7,2,kotor,NULL,NULL,hotel_checkin,
1410,54,9,2,virpazar,NULL,NULL,hotel_checkin,
1411,54,10,2,bijelopolje,NULL,NULL,hotel_checkin,
1412,54,11,2,pec,NULL,NULL,hotel_checkin,
1413,54,12,2,pristina,NULL,NULL,hotel_checkin,
1414,54,13,2,nis,NULL,NULL,hotel_checkin,
1415,54,14,2,beograd,NULL,NULL,hotel_checkin,
1425,44,2,1,kotor,NULL,NULL,hotel_stay,
1426,44,2,2,kotor,NULL,NULL,hotel_stay,
1427,44,3,1,kotor,NULL,NULL,hotel_stay,
1428,44,3,2,kotor,NULL,NULL,hotel_stay,
1429,44,4,1,kotor,NULL,NULL,hotel_checkout,
1430,44,5,1,virpazar,NULL,NULL,hotel_checkout,
1431,44,6,1,vranjak,NULL,NULL,hotel_checkout,
1432,44,7,1,zabljak,NULL,NULL,hotel_stay,
1433,44,7,2,zabljak,NULL,NULL,hotel_stay,
1434,44,8,1,zabljak,NULL,NULL,hotel_stay,
1435,44,8,2,zabljak,NULL,NULL,hotel_stay,
1436,44,9,1,zabljak,NULL,NULL,hotel_checkout,
1437,44,10,1,trebinje,NULL,NULL,hotel_checkout,
1438,44,11,1,lumbarda,NULL,NULL,hotel_stay,
1439,44,11,2,lumbarda,NULL,NULL,hotel_stay,
1440,44,12,1,lumbarda,NULL,NULL,hotel_stay,
1441,44,12,2,lumbarda,NULL,NULL,hotel_stay,
1442,44,13,1,lumbarda,NULL,NULL,hotel_stay,
1443,44,13,2,lumbarda,NULL,NULL,hotel_stay,
1444,44,14,1,lumbarda,NULL,NULL,hotel_checkout,
1445,44,15,1,cavtat,NULL,NULL,hotel_checkout,
1446,44,1,1,kotor,NULL,NULL,hotel_checkin,
1447,44,4,2,virpazar,NULL,NULL,hotel_checkin,
1448,44,5,2,vranjak,NULL,NULL,hotel_checkin,
1449,44,6,2,zabljak,NULL,NULL,hotel_checkin,
1450,44,9,2,trebinje,NULL,NULL,hotel_checkin,
1451,44,10,2,lumbarda,NULL,NULL,hotel_checkin,
1452,44,14,2,cavtat,NULL,NULL,hotel_checkin,
1461,2,2,1,podgorica,NULL,NULL,hotel_checkout,
1462,2,3,1,stavna,NULL,NULL,hotel_checkout,
1463,2,4,1,vranjak,NULL,NULL,hotel_checkout,
1464,2,5,1,mileseva,NULL,NULL,hotel_checkout,
1465,2,6,1,sjenica,NULL,NULL,hotel_checkout,
1466,2,7,1,zabljak,NULL,NULL,hotel_stay,
1467,2,7,2,zabljak,NULL,NULL,hotel_stay,
1468,2,8,1,zabljak,NULL,NULL,hotel_checkout,
1469,2,9,1,trebinje,NULL,NULL,hotel_checkout,
1470,2,1,1,podgorica,NULL,NULL,hotel_checkin,
1471,2,2,2,stavna,NULL,NULL,hotel_checkin,
1472,2,3,2,vranjak,NULL,NULL,hotel_checkin,
1473,2,4,2,mileseva,NULL,NULL,hotel_checkin,
1474,2,5,2,sjenica,NULL,NULL,hotel_checkin,
1475,2,6,2,zabljak,NULL,NULL,hotel_checkin,
1476,2,8,2,trebinje,NULL,NULL,hotel_checkin,
1482,52,2,1,kotor,NULL,NULL,hotel_stay,
1483,52,2,2,kotor,NULL,NULL,hotel_stay,
1484,52,3,1,kotor,NULL,NULL,hotel_checkout,
1485,52,4,1,zabljak,NULL,NULL,hotel_stay,
1486,52,4,2,zabljak,NULL,NULL,hotel_stay,
1487,52,5,1,zabljak,NULL,NULL,hotel_checkout,
1488,52,6,1,kolasin,NULL,NULL,hotel_checkout,
1489,52,7,1,bar,NULL,NULL,hotel_checkout,
1490,52,8,1,tivat,NULL,NULL,hotel_checkout,
1491,52,1,1,kotor,NULL,NULL,hotel_checkin,
1492,52,3,2,zabljak,NULL,NULL,hotel_checkin,
1493,52,5,2,kolasin,NULL,NULL,hotel_checkin,
1494,52,6,2,bar,NULL,NULL,hotel_checkin,
1495,52,7,2,tivat,NULL,NULL,hotel_checkin,
1500,3,2,1,split,NULL,NULL,hotel_checkout,
1501,3,3,1,lumbarda,NULL,NULL,hotel_stay,
1502,3,3,2,lumbarda,NULL,NULL,hotel_stay,
1503,3,4,1,lumbarda,NULL,NULL,hotel_stay,
1504,3,4,2,lumbarda,NULL,NULL,hotel_stay,
1505,3,5,1,lumbarda,NULL,NULL,hotel_stay,
1506,3,5,2,lumbarda,NULL,NULL,hotel_stay,
1507,3,6,1,lumbarda,NULL,NULL,hotel_stay,
1508,3,6,2,lumbarda,NULL,NULL,hotel_stay,
1509,3,7,1,lumbarda,NULL,NULL,hotel_checkout,
1510,3,8,1,split,NULL,NULL,hotel_checkout,
1511,3,1,1,split,NULL,NULL,hotel_checkin,
1512,3,2,2,lumbarda,NULL,NULL,hotel_checkin,
1513,3,7,2,split,NULL,NULL,hotel_checkin,
1526,50,2,1,kotor,NULL,NULL,hotel_stay,
1527,50,2,2,kotor,NULL,NULL,hotel_stay,
1528,50,3,1,kotor,NULL,NULL,hotel_stay,
1529,50,3,2,kotor,NULL,NULL,hotel_stay,
1530,50,4,1,kotor,NULL,NULL,hotel_checkout,
1531,50,5,1,virpazar,NULL,NULL,hotel_checkout,
1532,50,6,1,vranjak,NULL,NULL,hotel_checkout,
1533,50,7,1,zabljak,NULL,NULL,hotel_checkout,
1534,50,8,1,mileseva,NULL,NULL,hotel_checkout,
1535,50,9,1,sirogojno,NULL,NULL,hotel_checkout,
1536,50,10,1,mokragora,NULL,NULL,hotel_stay,
1537,50,10,2,mokragora,NULL,NULL,hotel_stay,
1538,50,11,1,mokragora,NULL,NULL,hotel_checkout,
1539,50,12,1,sarajevo,NULL,NULL,hotel_stay,
1540,50,12,2,sarajevo,NULL,NULL,hotel_stay,
1541,50,13,1,sarajevo,NULL,NULL,hotel_checkout,
1542,50,14,1,mostar,NULL,NULL,hotel_checkout,
1543,50,15,1,trebinje,NULL,NULL,hotel_checkout,
1544,50,16,1,lumbarda,NULL,NULL,hotel_stay,
1545,50,16,2,lumbarda,NULL,NULL,hotel_stay,
1546,50,17,1,lumbarda,NULL,NULL,hotel_stay,
1547,50,17,2,lumbarda,NULL,NULL,hotel_stay,
1548,50,18,1,lumbarda,NULL,NULL,hotel_stay,
1549,50,18,2,lumbarda,NULL,NULL,hotel_stay,
1550,50,19,1,lumbarda,NULL,NULL,hotel_checkout,
1551,50,20,1,split,NULL,NULL,hotel_checkout,
1552,50,1,1,kotor,NULL,NULL,hotel_checkin,
1553,50,4,2,virpazar,NULL,NULL,hotel_checkin,
1554,50,5,2,vranjak,NULL,NULL,hotel_checkin,
1555,50,6,2,zabljak,NULL,NULL,hotel_checkin,
1556,50,7,2,mileseva,NULL,NULL,hotel_checkin,
1557,50,8,2,sirogojno,NULL,NULL,hotel_checkin,
1558,50,9,2,mokragora,NULL,NULL,hotel_checkin,
1559,50,11,2,sarajevo,NULL,NULL,hotel_checkin,
1560,50,13,2,mostar,NULL,NULL,hotel_checkin,
1561,50,14,2,trebinje,NULL,NULL,hotel_checkin,
1562,50,15,2,lumbarda,NULL,NULL,hotel_checkin,
1563,50,19,2,split,NULL,NULL,hotel_checkin,
1568,4,2,1,split,NULL,NULL,hotel_checkout,
1569,4,3,1,nerezisce,NULL,NULL,hotel_stay,
1570,4,3,2,nerezisce,NULL,NULL,hotel_stay,
1571,4,4,1,nerezisce,NULL,NULL,hotel_checkout,
1572,4,5,1,lumbarda,NULL,NULL,hotel_stay,
1573,4,5,2,lumbarda,NULL,NULL,hotel_stay,
1574,4,6,1,lumbarda,NULL,NULL,hotel_stay,
1575,4,6,2,lumbarda,NULL,NULL,hotel_stay,
1576,4,7,1,lumbarda,NULL,NULL,hotel_checkout,
1577,4,8,1,trogir,NULL,NULL,hotel_checkout,
1578,4,1,1,split,NULL,NULL,hotel_checkin,
1579,4,2,2,nerezisce,NULL,NULL,hotel_checkin,
1580,4,4,2,lumbarda,NULL,NULL,hotel_checkin,
1581,4,7,2,trogir,NULL,NULL,hotel_checkin,
1589,45,2,1,kotor,NULL,NULL,hotel_stay,
1590,45,2,2,kotor,NULL,NULL,hotel_stay,
1591,45,3,1,kotor,NULL,NULL,hotel_stay,
1592,45,3,2,kotor,NULL,NULL,hotel_stay,
1593,45,4,1,kotor,NULL,NULL,hotel_checkout,
1594,45,5,1,virpazar,NULL,NULL,hotel_checkout,
1595,45,6,1,vranjak,NULL,NULL,hotel_checkout,
1596,45,7,1,zabljak,NULL,NULL,hotel_stay,
1597,45,7,2,zabljak,NULL,NULL,hotel_stay,
1598,45,8,1,zabljak,NULL,NULL,hotel_stay,
1599,45,8,2,zabljak,NULL,NULL,hotel_stay,
1600,45,9,1,zabljak,NULL,NULL,hotel_checkout,
1601,45,10,1,trebinje,NULL,NULL,hotel_checkout,
1602,45,11,1,korcula,NULL,NULL,hotel_stay,
1603,45,11,2,korcula,NULL,NULL,hotel_stay,
1604,45,12,1,korcula,NULL,NULL,hotel_stay,
1605,45,12,2,korcula,NULL,NULL,hotel_stay,
1606,45,13,1,korcula,NULL,NULL,hotel_stay,
1607,45,13,2,korcula,NULL,NULL,hotel_stay,
1608,45,14,1,korcula,NULL,NULL,hotel_checkout,
1609,45,15,1,dubrovnik,NULL,NULL,hotel_checkout,
1610,45,1,1,kotor,NULL,NULL,hotel_checkin,
1611,45,4,2,virpazar,NULL,NULL,hotel_checkin,
1612,45,5,2,vranjak,NULL,NULL,hotel_checkin,
1613,45,6,2,zabljak,NULL,NULL,hotel_checkin,
1614,45,9,2,trebinje,NULL,NULL,hotel_checkin,
1615,45,10,2,korcula,NULL,NULL,hotel_checkin,
1616,45,14,2,dubrovnik,NULL,NULL,hotel_checkin,
1622,22,2,1,trebinje,NULL,NULL,hotel_checkout,
1623,22,3,1,zabljak,NULL,NULL,hotel_checkout,
1624,22,4,1,kolasin,NULL,NULL,hotel_checkout,
1625,22,5,1,perast,NULL,NULL,hotel_stay,
1626,22,5,2,perast,NULL,NULL,hotel_stay,
1627,22,6,1,perast,NULL,NULL,hotel_stay,
1628,22,6,2,perast,NULL,NULL,hotel_stay,
1629,22,7,1,perast,NULL,NULL,hotel_stay,
1630,22,7,2,perast,NULL,NULL,hotel_stay,
1631,22,8,1,perast,NULL,NULL,hotel_checkout,
1632,22,1,1,trebinje,NULL,NULL,hotel_checkin,
1633,22,2,2,zabljak,NULL,NULL,hotel_checkin,
1634,22,3,2,kolasin,NULL,NULL,hotel_checkin,
1635,22,4,2,perast,NULL,NULL,hotel_checkin,
1650,51,2,1,podgorica,NULL,NULL,hotel_checkout,
1651,51,3,1,lovcen,NULL,NULL,hotel_checkout,
1652,51,4,1,virpazar,NULL,NULL,hotel_stay,
1653,51,4,2,virpazar,NULL,NULL,hotel_stay,
1654,51,5,1,virpazar,NULL,NULL,hotel_checkout,
1655,51,6,1,skadar,NULL,NULL,hotel_checkout,
1656,51,7,1,kruje,NULL,NULL,hotel_checkout,
1657,51,8,1,tirana,NULL,NULL,hotel_stay,
1658,51,8,2,tirana,NULL,NULL,hotel_stay,
1659,51,9,1,tirana,NULL,NULL,hotel_checkout,
1660,51,10,1,berat,NULL,NULL,hotel_checkout,
1661,51,11,1,gjirokaster,NULL,NULL,hotel_checkout,
1662,51,12,1,saranda,NULL,NULL,hotel_checkout,
1663,51,13,1,ioannina,NULL,NULL,hotel_stay,
1664,51,13,2,ioannina,NULL,NULL,hotel_stay,
1665,51,14,1,ioannina,NULL,NULL,hotel_checkout,
1666,51,15,1,kastoria,NULL,NULL,hotel_checkout,
1667,51,16,1,loutraki,NULL,NULL,hotel_checkout,
1668,51,17,1,solun,NULL,NULL,hotel_stay,
1669,51,17,2,solun,NULL,NULL,hotel_stay,
1670,51,18,1,solun,NULL,NULL,hotel_checkout,
1671,51,1,1,podgorica,NULL,NULL,hotel_checkin,
1672,51,2,2,lovcen,NULL,NULL,hotel_checkin,
1673,51,3,2,virpazar,NULL,NULL,hotel_checkin,
1674,51,5,2,skadar,NULL,NULL,hotel_checkin,
1675,51,6,2,kruje,NULL,NULL,hotel_checkin,
1676,51,7,2,tirana,NULL,NULL,hotel_checkin,
1677,51,9,2,berat,NULL,NULL,hotel_checkin,
1678,51,10,2,gjirokaster,NULL,NULL,hotel_checkin,
1679,51,11,2,saranda,NULL,NULL,hotel_checkin,
1680,51,12,2,ioannina,NULL,NULL,hotel_checkin,
1681,51,14,2,kastoria,NULL,NULL,hotel_checkin,
1682,51,15,2,loutraki,NULL,NULL,hotel_checkin,
1683,51,16,2,solun,NULL,NULL,hotel_checkin,
1687,23,2,1,nerezisce,NULL,NULL,hotel_stay,
1688,23,2,2,nerezisce,NULL,NULL,hotel_stay,
1689,23,3,1,nerezisce,NULL,NULL,hotel_stay,
1690,23,3,2,nerezisce,NULL,NULL,hotel_stay,
1691,23,4,1,nerezisce,NULL,NULL,hotel_checkout,
1692,23,5,1,korcula,NULL,NULL,hotel_stay,
1693,23,5,2,korcula,NULL,NULL,hotel_stay,
1694,23,6,1,korcula,NULL,NULL,hotel_stay,
1695,23,6,2,korcula,NULL,NULL,hotel_stay,
1696,23,7,1,korcula,NULL,NULL,hotel_checkout,
1697,23,8,1,split,NULL,NULL,hotel_checkout,
1698,23,1,1,nerezisce,NULL,NULL,hotel_checkin,
1699,23,4,2,korcula,NULL,NULL,hotel_checkin,
1700,23,7,2,split,NULL,NULL,hotel_checkin,
1704,24,2,1,trogir,NULL,NULL,hotel_checkout,
1705,24,3,1,seline,NULL,NULL,hotel_stay,
1706,24,3,2,seline,NULL,NULL,hotel_stay,
1707,24,4,1,seline,NULL,NULL,hotel_stay,
1708,24,4,2,seline,NULL,NULL,hotel_stay,
1709,24,5,1,seline,NULL,NULL,hotel_stay,
1710,24,5,2,seline,NULL,NULL,hotel_stay,
1711,24,6,1,seline,NULL,NULL,hotel_stay,
1712,24,6,2,seline,NULL,NULL,hotel_stay,
1713,24,7,1,seline,NULL,NULL,hotel_checkout,
1714,24,8,1,trogir,NULL,NULL,hotel_checkout,
1715,24,1,1,trogir,NULL,NULL,hotel_checkin,
1716,24,2,2,seline,NULL,NULL,hotel_checkin,
1717,24,7,2,trogir,NULL,NULL,hotel_checkin,
1728,46,2,1,zagreb,NULL,NULL,hotel_stay,
1729,46,2,2,zagreb,NULL,NULL,hotel_stay,
1730,46,3,1,zagreb,NULL,NULL,hotel_checkout,
1731,46,4,1,jajce,NULL,NULL,hotel_checkout,
1732,46,5,1,mostar,NULL,NULL,hotel_checkout,
1733,46,6,1,sarajevo,NULL,NULL,hotel_stay,
1734,46,6,2,sarajevo,NULL,NULL,hotel_stay,
1735,46,7,1,sarajevo,NULL,NULL,hotel_checkout,
1736,46,8,1,mokragora,NULL,NULL,hotel_stay,
1737,46,8,2,mokragora,NULL,NULL,hotel_stay,
1738,46,9,1,mokragora,NULL,NULL,hotel_checkout,
1739,46,10,1,sirogojno,NULL,NULL,hotel_checkout,
1740,46,11,1,mileseva,NULL,NULL,hotel_checkout,
1741,46,12,1,zabljak,NULL,NULL,hotel_stay,
1742,46,12,2,zabljak,NULL,NULL,hotel_stay,
1743,46,13,1,zabljak,NULL,NULL,hotel_checkout,
1744,46,14,1,stavna,NULL,NULL,hotel_checkout,
1745,46,15,1,grebaja,NULL,NULL,hotel_checkout,
1746,46,1,1,zagreb,NULL,NULL,hotel_checkin,
1747,46,3,2,jajce,NULL,NULL,hotel_checkin,
1748,46,4,2,mostar,NULL,NULL,hotel_checkin,
1749,46,5,2,sarajevo,NULL,NULL,hotel_checkin,
1750,46,7,2,mokragora,NULL,NULL,hotel_checkin,
1751,46,9,2,sirogojno,NULL,NULL,hotel_checkin,
1752,46,10,2,mileseva,NULL,NULL,hotel_checkin,
1753,46,11,2,zabljak,NULL,NULL,hotel_checkin,
1754,46,13,2,stavna,NULL,NULL,hotel_checkin,
1755,46,14,2,grebaja,NULL,NULL,hotel_checkin,
1766,47,2,1,zagreb,NULL,NULL,hotel_stay,
1767,47,2,2,zagreb,NULL,NULL,hotel_stay,
1768,47,3,1,zagreb,NULL,NULL,hotel_checkout,
1769,47,4,1,jajce,NULL,NULL,hotel_checkout,
1770,47,5,1,mostar,NULL,NULL,hotel_checkout,
1771,47,6,1,sarajevo,NULL,NULL,hotel_stay,
1772,47,6,2,sarajevo,NULL,NULL,hotel_stay,
1773,47,7,1,sarajevo,NULL,NULL,hotel_checkout,
1774,47,8,1,mokragora,NULL,NULL,hotel_stay,
1775,47,8,2,mokragora,NULL,NULL,hotel_stay,
1776,47,9,1,mokragora,NULL,NULL,hotel_checkout,
1777,47,10,1,sirogojno,NULL,NULL,hotel_checkout,
1778,47,11,1,mileseva,NULL,NULL,hotel_checkout,
1779,47,12,1,zabljak,NULL,NULL,hotel_stay,
1780,47,12,2,zabljak,NULL,NULL,hotel_stay,
1781,47,13,1,zabljak,NULL,NULL,hotel_checkout,
1782,47,14,1,stavna,NULL,NULL,hotel_checkout,
1783,47,15,1,grebaja,NULL,NULL,hotel_checkout,
1784,47,1,1,zagreb,NULL,NULL,hotel_checkin,
1785,47,3,2,jajce,NULL,NULL,hotel_checkin,
1786,47,4,2,mostar,NULL,NULL,hotel_checkin,
1787,47,5,2,sarajevo,NULL,NULL,hotel_checkin,
1788,47,7,2,mokragora,NULL,NULL,hotel_checkin,
1789,47,9,2,sirogojno,NULL,NULL,hotel_checkin,
1790,47,10,2,mileseva,NULL,NULL,hotel_checkin,
1791,47,11,2,zabljak,NULL,NULL,hotel_checkin,
1792,47,13,2,stavna,NULL,NULL,hotel_checkin,
1793,47,14,2,grebaja,NULL,NULL,hotel_checkin,
1797,55,2,1,zabljak,NULL,NULL,hotel_stay,
1798,55,2,2,zabljak,NULL,NULL,hotel_stay,
1799,55,3,1,zabljak,NULL,NULL,hotel_stay,
1800,55,3,2,zabljak,NULL,NULL,hotel_stay,
1801,55,4,1,zabljak,NULL,NULL,hotel_checkout,
1802,55,5,1,kolasin,NULL,NULL,hotel_stay,
1803,55,5,2,kolasin,NULL,NULL,hotel_stay,
1804,55,6,1,kolasin,NULL,NULL,hotel_stay,
1805,55,6,2,kolasin,NULL,NULL,hotel_stay,
1806,55,7,1,kolasin,NULL,NULL,hotel_checkout,
1807,55,8,1,kotor,NULL,NULL,hotel_checkout,
1808,55,1,1,zabljak,NULL,NULL,hotel_checkin,
1809,55,4,2,kolasin,NULL,NULL,hotel_checkin,
1810,55,7,2,kotor,NULL,NULL,hotel_checkin,
1814,56,2,1,trogir,NULL,NULL,hotel_checkout,
1815,56,3,1,seline,NULL,NULL,hotel_stay,
1816,56,3,2,seline,NULL,NULL,hotel_stay,
1817,56,4,1,seline,NULL,NULL,hotel_stay,
1818,56,4,2,seline,NULL,NULL,hotel_stay,
1819,56,5,1,seline,NULL,NULL,hotel_stay,
1820,56,5,2,seline,NULL,NULL,hotel_stay,
1821,56,6,1,seline,NULL,NULL,hotel_stay,
1822,56,6,2,seline,NULL,NULL,hotel_stay,
1823,56,7,1,seline,NULL,NULL,hotel_checkout,
1824,56,8,1,trogir,NULL,NULL,hotel_checkout,
1825,56,1,1,trogir,NULL,NULL,hotel_checkin,
1826,56,2,2,seline,NULL,NULL,hotel_checkin,
1827,56,7,2,trogir,NULL,NULL,hotel_checkin,
1836,57,2,1,izlazak,NULL,NULL,hotel_checkout,
1837,57,3,1,zabljak,NULL,NULL,hotel_stay,
1838,57,3,2,zabljak,NULL,NULL,hotel_stay,
1839,57,4,1,zabljak,NULL,NULL,hotel_stay,
1840,57,4,2,zabljak,NULL,NULL,hotel_stay,
1841,57,5,1,zabljak,NULL,NULL,hotel_checkout,
1842,57,6,1,vranjak,NULL,NULL,hotel_checkout,
1843,57,7,1,stavna,NULL,NULL,hotel_stay,
1844,57,7,2,stavna,NULL,NULL,hotel_stay,
1845,57,8,1,stavna,NULL,NULL,hotel_checkout,
1846,57,9,1,grebaja,NULL,NULL,hotel_stay,
1847,57,9,2,grebaja,NULL,NULL,hotel_stay,
1848,57,10,1,grebaja,NULL,NULL,hotel_checkout,
1849,57,11,1,virpazar,NULL,NULL,hotel_checkout,
1850,57,12,1,kotor,NULL,NULL,hotel_stay,
1851,57,12,2,kotor,NULL,NULL,hotel_stay,
1852,57,13,1,kotor,NULL,NULL,hotel_stay,
1853,57,13,2,kotor,NULL,NULL,hotel_stay,
1854,57,14,1,kotor,NULL,NULL,hotel_checkout,
1855,57,15,1,cavtat,NULL,NULL,hotel_checkout,
1856,57,1,1,izlazak,NULL,NULL,hotel_checkin,
1857,57,2,2,zabljak,NULL,NULL,hotel_checkin,
1858,57,5,2,vranjak,NULL,NULL,hotel_checkin,
1859,57,6,2,stavna,NULL,NULL,hotel_checkin,
1860,57,8,2,grebaja,NULL,NULL,hotel_checkin,
1861,57,10,2,virpazar,NULL,NULL,hotel_checkin,
1862,57,11,2,kotor,NULL,NULL,hotel_checkin,
1863,57,14,2,cavtat,NULL,NULL,hotel_checkin,
1869,41,2,1,sarajevo,NULL,NULL,hotel_stay,
1870,41,2,2,sarajevo,NULL,NULL,hotel_stay,
1871,41,3,1,sarajevo,NULL,NULL,hotel_checkout,
1872,41,4,1,gorazde,NULL,NULL,hotel_checkout,
1873,41,5,1,izlazak,NULL,NULL,hotel_checkout,
1874,41,6,1,bogetici,NULL,NULL,hotel_checkout,
1875,41,7,1,podgorica,NULL,NULL,hotel_stay,
1876,41,7,2,podgorica,NULL,NULL,hotel_stay,
1877,41,8,1,podgorica,NULL,NULL,hotel_checkout,
1878,41,1,1,sarajevo,NULL,NULL,hotel_checkin,
1879,41,3,2,gorazde,NULL,NULL,hotel_checkin,
1880,41,4,2,izlazak,NULL,NULL,hotel_checkin,
1881,41,5,2,bogetici,NULL,NULL,hotel_checkin,
1882,41,6,2,podgorica,NULL,NULL,hotel_checkin,
1888,58,2,1,trebinje,NULL,NULL,hotel_checkout,
1889,58,3,1,zabljak,NULL,NULL,hotel_stay,
1890,58,3,2,zabljak,NULL,NULL,hotel_stay,
1891,58,4,1,zabljak,NULL,NULL,hotel_checkout,
1892,58,5,1,virpazar,NULL,NULL,hotel_checkout,
1893,58,6,1,kotor,NULL,NULL,hotel_stay,
1894,58,6,2,kotor,NULL,NULL,hotel_stay,
1895,58,7,1,kotor,NULL,NULL,hotel_stay,
1896,58,7,2,kotor,NULL,NULL,hotel_stay,
1897,58,8,1,kotor,NULL,NULL,hotel_checkout,
1898,58,1,1,trebinje,NULL,NULL,hotel_checkin,
1899,58,2,2,zabljak,NULL,NULL,hotel_checkin,
1900,58,4,2,virpazar,NULL,NULL,hotel_checkin,
1901,58,5,2,kotor,NULL,NULL,hotel_checkin,
1904,59,2,1,gospic,NULL,NULL,hotel_stay,
1905,59,2,2,gospic,NULL,NULL,hotel_stay,
1906,59,3,1,gospic,NULL,NULL,hotel_checkout,
1907,59,4,1,seline,NULL,NULL,hotel_stay,
1908,59,4,2,seline,NULL,NULL,hotel_stay,
1909,59,5,1,seline,NULL,NULL,hotel_stay,
1910,59,5,2,seline,NULL,NULL,hotel_stay,
1911,59,6,1,seline,NULL,NULL,hotel_stay,
1912,59,6,2,seline,NULL,NULL,hotel_stay,
1913,59,7,1,seline,NULL,NULL,hotel_checkout,
1914,59,1,1,gospic,NULL,NULL,hotel_checkin,
1915,59,3,2,seline,NULL,NULL,hotel_checkin,
1925,28,2,1,kotor,NULL,NULL,hotel_checkout,
1926,28,3,1,njegusi,NULL,NULL,hotel_stay,
1927,28,3,2,njegusi,NULL,NULL,hotel_stay,
1928,28,4,1,njegusi,NULL,NULL,hotel_checkout,
1929,28,5,1,vranjak,NULL,NULL,hotel_stay,
1930,28,5,2,vranjak,NULL,NULL,hotel_stay,
1931,28,6,1,vranjak,NULL,NULL,hotel_checkout,
1932,28,7,1,stavna,NULL,NULL,hotel_stay,
1933,28,7,2,stavna,NULL,NULL,hotel_stay,
1934,28,8,1,stavna,NULL,NULL,hotel_checkout,
1935,28,9,1,vusanje,NULL,NULL,hotel_stay,
1936,28,9,2,vusanje,NULL,NULL,hotel_stay,
1937,28,10,1,vusanje,NULL,NULL,hotel_checkout,
1938,28,11,1,thethi,NULL,NULL,hotel_stay,
1939,28,11,2,thethi,NULL,NULL,hotel_stay,
1940,28,12,1,thethi,NULL,NULL,hotel_checkout,
1941,28,13,1,valbona,NULL,NULL,hotel_stay,
1942,28,13,2,valbona,NULL,NULL,hotel_stay,
1943,28,14,1,valbona,NULL,NULL,hotel_checkout,
1944,28,15,1,kruje,NULL,NULL,hotel_checkout,
1945,28,1,1,kotor,NULL,NULL,hotel_checkin,
1946,28,2,2,njegusi,NULL,NULL,hotel_checkin,
1947,28,4,2,vranjak,NULL,NULL,hotel_checkin,
1948,28,6,2,stavna,NULL,NULL,hotel_checkin,
1949,28,8,2,vusanje,NULL,NULL,hotel_checkin,
1950,28,10,2,thethi,NULL,NULL,hotel_checkin,
1951,28,12,2,valbona,NULL,NULL,hotel_checkin,
1952,28,14,2,kruje,NULL,NULL,hotel_checkin,
1959,27,2,1,kolasin,NULL,NULL,hotel_checkout,
1960,27,3,1,vranjak,NULL,NULL,hotel_checkout,
1961,27,4,1,nevidio,NULL,NULL,hotel_stay,
1962,27,4,2,nevidio,NULL,NULL,hotel_stay,
1963,27,5,1,nevidio,NULL,NULL,hotel_checkout,
1964,27,6,1,zabljak,NULL,NULL,hotel_stay,
1965,27,6,2,zabljak,NULL,NULL,hotel_stay,
1966,27,7,1,zabljak,NULL,NULL,hotel_checkout,
1967,27,8,1,kolasin,NULL,NULL,hotel_checkout,
1968,27,1,1,kolasin,NULL,NULL,hotel_checkin,
1969,27,2,2,vranjak,NULL,NULL,hotel_checkin,
1970,27,3,2,nevidio,NULL,NULL,hotel_checkin,
1971,27,5,2,zabljak,NULL,NULL,hotel_checkin,
1972,27,7,2,kolasin,NULL,NULL,hotel_checkin,
1979,60,2,1,trebinje,NULL,NULL,hotel_checkout,
1980,60,3,1,zabljak,NULL,NULL,hotel_stay,
1981,60,3,2,zabljak,NULL,NULL,hotel_stay,
1982,60,4,1,zabljak,NULL,NULL,hotel_checkout,
1983,60,5,1,stavna,NULL,NULL,hotel_checkout,
1984,60,6,1,kotor,NULL,NULL,hotel_stay,
1985,60,6,2,kotor,NULL,NULL,hotel_stay,
1986,60,7,1,kotor,NULL,NULL,hotel_checkout,
1987,60,8,1,cavtat,NULL,NULL,hotel_checkout,
1988,60,1,1,trebinje,NULL,NULL,hotel_checkin,
1989,60,2,2,zabljak,NULL,NULL,hotel_checkin,
1990,60,4,2,stavna,NULL,NULL,hotel_checkin,
1991,60,5,2,kotor,NULL,NULL,hotel_checkin,
1992,60,7,2,cavtat,NULL,NULL,hotel_checkin,
1999,61,2,1,split,NULL,NULL,hotel_checkout,
2000,61,3,1,nerezisce,NULL,NULL,hotel_stay,
2001,61,3,2,nerezisce,NULL,NULL,hotel_stay,
2002,61,4,1,nerezisce,NULL,NULL,hotel_stay,
2003,61,4,2,nerezisce,NULL,NULL,hotel_stay,
2004,61,5,1,nerezisce,NULL,NULL,hotel_checkout,
2005,61,6,1,korcula,NULL,NULL,hotel_stay,
2006,61,6,2,korcula,NULL,NULL,hotel_stay,
2007,61,7,1,korcula,NULL,NULL,hotel_stay,
2008,61,7,2,korcula,NULL,NULL,hotel_stay,
2009,61,8,1,korcula,NULL,NULL,hotel_checkout,
2010,61,9,1,split,NULL,NULL,hotel_checkout,
2011,61,10,1,seline,NULL,NULL,hotel_stay,
2012,61,10,2,seline,NULL,NULL,hotel_stay,
2013,61,11,1,seline,NULL,NULL,hotel_stay,
2014,61,11,2,seline,NULL,NULL,hotel_stay,
2015,61,12,1,seline,NULL,NULL,hotel_stay,
2016,61,12,2,seline,NULL,NULL,hotel_stay,
2017,61,13,1,seline,NULL,NULL,hotel_stay,
2018,61,13,2,seline,NULL,NULL,hotel_stay,
2019,61,14,1,seline,NULL,NULL,hotel_checkout,
2020,61,15,1,trogir,NULL,NULL,hotel_checkout,
2021,61,1,1,split,NULL,NULL,hotel_checkin,
2022,61,2,2,nerezisce,NULL,NULL,hotel_checkin,
2023,61,5,2,korcula,NULL,NULL,hotel_checkin,
2024,61,8,2,split,NULL,NULL,hotel_checkin,
2025,61,9,2,seline,NULL,NULL,hotel_checkin,
2026,61,14,2,trogir,NULL,NULL,hotel_checkin,
2032,62,2,1,split,NULL,NULL,hotel_checkout,
2033,62,3,1,jelsa,NULL,NULL,hotel_stay,
2034,62,3,2,jelsa,NULL,NULL,hotel_stay,
2035,62,4,1,jelsa,NULL,NULL,hotel_checkout,
2036,62,5,1,lumbarda,NULL,NULL,hotel_stay,
2037,62,5,2,lumbarda,NULL,NULL,hotel_stay,
2038,62,6,1,lumbarda,NULL,NULL,hotel_checkout,
2039,62,7,1,dubrovnik,NULL,NULL,hotel_stay,
2040,62,7,2,dubrovnik,NULL,NULL,hotel_stay,
2041,62,8,1,dubrovnik,NULL,NULL,hotel_checkout,
2042,62,1,1,split,NULL,NULL,hotel_checkin,
2043,62,2,2,jelsa,NULL,NULL,hotel_checkin,
2044,62,4,2,lumbarda,NULL,NULL,hotel_checkin,
2045,62,6,2,dubrovnik,NULL,NULL,hotel_checkin,
2049,63,2,1,zabljak,NULL,NULL,hotel_stay,
2050,63,2,2,zabljak,NULL,NULL,hotel_stay,
2051,63,3,1,zabljak,NULL,NULL,hotel_stay,
2052,63,3,2,zabljak,NULL,NULL,hotel_stay,
2053,63,4,1,zabljak,NULL,NULL,hotel_stay,
2054,63,4,2,zabljak,NULL,NULL,hotel_stay,
2055,63,5,1,zabljak,NULL,NULL,hotel_checkout,
2056,63,6,1,kotor,NULL,NULL,hotel_stay,
2057,63,6,2,kotor,NULL,NULL,hotel_stay,
2058,63,7,1,kotor,NULL,NULL,hotel_stay,
2059,63,7,2,kotor,NULL,NULL,hotel_stay,
2060,63,8,1,kotor,NULL,NULL,hotel_stay,
2061,63,8,2,kotor,NULL,NULL,hotel_stay,
2062,63,9,1,kotor,NULL,NULL,hotel_checkout,
2063,63,10,1,virpazar,NULL,NULL,hotel_stay,
2064,63,10,2,virpazar,NULL,NULL,hotel_stay,
2065,63,11,1,virpazar,NULL,NULL,hotel_checkout,
2066,63,1,1,zabljak,NULL,NULL,hotel_checkin,
2067,63,5,2,kotor,NULL,NULL,hotel_checkin,
2068,63,9,2,virpazar,NULL,NULL,hotel_checkin,
2074,64,2,1,beograd,NULL,NULL,hotel_checkout,
2075,64,3,1,skorenovac,NULL,NULL,hotel_stay,
2076,64,3,2,skorenovac,NULL,NULL,hotel_stay,
2077,64,4,1,skorenovac,NULL,NULL,hotel_checkout,
2078,64,5,1,srebrnojezero,NULL,NULL,hotel_stay,
2079,64,5,2,srebrnojezero,NULL,NULL,hotel_stay,
2080,64,6,1,srebrnojezero,NULL,NULL,hotel_checkout,
2081,64,7,1,donjimilanovac,NULL,NULL,hotel_checkout,
2082,64,8,1,kladovo,NULL,NULL,hotel_checkout,
2083,64,1,1,beograd,NULL,NULL,hotel_checkin,
2084,64,2,2,skorenovac,NULL,NULL,hotel_checkin,
2085,64,4,2,srebrnojezero,NULL,NULL,hotel_checkin,
2086,64,6,2,donjimilanovac,NULL,NULL,hotel_checkin,
2087,64,7,2,kladovo,NULL,NULL,hotel_checkin,
